Nasco_product_category,Nasco_product_sub_category,Nasco_product_id,Nasco_product_name,Nasco_product_quantity,Nasco_product_price,Nasco_product_url,Nasco_image_url,Nasco_product_desc
Art Supplies & Crafts,Art Supplies,9730752,DYMO® Plug N Play Label Maker,1,$ 95.05,https://www.nascoeducation.com/dymo-plug-n-play-label-maker-9730752.html,https://www.nascoeducation.com/media/catalog/product/cache/465f3046c8658da626e76b96d8ed42e5/9/7/9730752-main_rgvinoa5xtt59upo.jpg,"A fast and easy-to-use label maker that plugs directly into your computer! Customize your labels using the fonts and graphics on your computer, then print them instantly. There is no software to install, because the Plug N Play runs and recharges over your computer’s USB connection. Uses 1/2 in. DYMO® labels (sold separately).SYSTEM REQUIREMENTS: Windows® XP/Vista/7, Macintosh® OS 10.5.8 or higher."
Family & Consumer Sciences,Food Service,WA35543,Bostitch® Mule™ Dolly,1,$ 141.5,https://www.nascoeducation.com/bostitch-mule-dolly-wa35543.html,https://www.nascoeducation.com/media/catalog/product/cache/465f3046c8658da626e76b96d8ed42e5/w/a/wa35543-main_6uuxnvlpw7pmw5po.jpg,"This versatile dolly is ideal for moving heavy objects or furniture. Easy-Link™ connectors allow you to connect multiple dollies together for larger loads Extra-wide, no-mar swivel casters for easy maneuverability Handle sold separately (WA35542)Specifications Pack of 2 18 in. x 12-3/4 in. x 3-1/2 in. 250-lb. capacity"
STEM-STEAM,Makerspace,SB53371,Inventor's Kit for the Arduino,1,$ 35,https://www.nascoeducation.com/inventors-kit-for-the-arduino-sb53371.html,https://www.nascoeducation.com/media/catalog/product/cache/465f3046c8658da626e76b96d8ed42e5/s/b/sb53371-main_m3a06wjgzfwdw6ib.jpg,"Grades 2-12.Inventor's kit is a great way to introduce programming and hardware interaction with the Arduino into your STEM/STEAM or coding program. Arduino is an open-source codable electronics platform designed for anyone making interactive projects. The Arduino board can process inputs from many sensors, and also controls outputs such as LEDs and motors. Students will use the Arduino development environment to write code in the Arduino programming language, then transfer the code to the Arduino board using a simple USB lead. An easy-to-follow tutorial book guides students through creating 10 experiments using LEDs, motors, LDRs, and capacitors. No soldering is required, allowing students to build their first circuit in minutes. Contains small prototype breadboard for fast prototyping and materials to complete 10 experiments. Required but not included: Arduino board such as the Maker Uno Plus, Phillips screwdriver, terminal block screwdriver, and micro USB cable.Kit Components Mounting plate 7 segment display Potentiometer - vertical type (finger adjust) 100K Finger adjust spindle 4 plastic spacers, 3/8 in. (10 mm) Small prototype breadboard Terminal connector 4 push switches Motor Transistor 2 red LEDs, 3/16 in. (5 mm) 2 orange LEDs, 3/16 in. (5 mm) 2 yellow LEDs, 3/16 in. (5 mm) 2 green LEDs, 3/16 in. (5 mm) RGB LED, 3/16 in. (5 mm) Fan blade 5 2.2K resistors 5 10K resistors 10 220 resistors 20 male to male jumper wires 470uF electrolytic capacitor Piezo element buzzer 4 pan head M3 machine screws PhototransistorSpecifications Grades 2 and up WARNING: Choking Hazard. Small Parts. Not for children under 3 yrs."
Elementary Education,Science,SB47040,Thames & Kosmos Wind Power Experiment Kit,1,$ 62.95,https://www.nascoeducation.com/thames-kosmos-wind-power-experiment-kit-sb47040.html,https://www.nascoeducation.com/media/catalog/product/cache/465f3046c8658da626e76b96d8ed42e5/s/b/sb47040-main_hoyyck7taoauvfid.jpg,"Grades 3 and Up. For your STEM curriculum. Discover how the wind provides us with an endless source of energy and then build a working turbine. Students will assemble a wind turbine complete with an electric generator and adjustable rotor blades designed to look and work like modern-day wind turbine blades. Then conduct experiments to optimize the turbine's performance and discover how to use the turbine to light up an LED and recharge a battery. Includes full-color, 32-page manual with illustrated instructions and scientific information about windmills, wind turbines, wind energy and more."
Science,Environmental Science,SB46794,Hydro-Wind Education Kit,1,$ 301,https://www.nascoeducation.com/hydro-wind-education-kit-sb46794.html,https://www.nascoeducation.com/media/catalog/product/cache/465f3046c8658da626e76b96d8ed42e5/s/b/sb46794-main_yledm5vmeg6sexey.jpg,"Grades 5-12. For your STEM curriculum.Explore stoichiometry, reaction rates, and other chemistry concepts by generating hydrogen from wind power. Use angular velocity, drag force, and other physics concepts to design and build an efficient wind turbine. WARNING: Choking Hazard. Small Parts. Not for children under 3 yrs."
Elementary Education,STEM,SB53165,Energy Conversion Kit,1,$ 78.95,https://www.nascoeducation.com/energy-conversion-kit-sb53165.html,https://www.nascoeducation.com/media/catalog/product/cache/465f3046c8658da626e76b96d8ed42e5/s/b/sb53165-main_gztfr6udexynkncc.jpg,"Grades 7-12.Demonstrate the conversion between different forms of energy.Includes 4 devices for generating electrical energy and 3 devices that use electrical energyIncluded set of cables connects devices to each other in various combinationsComes with:Hand generator (to produce electrical energy from motion)Battery holder (to produce chemical energy)Solar panel (to produce light energy)Windmill (to produce wind energy)LED lamp (to use electrical energy to produce light)Electric motor (to use electrical energy to produce motion)Buzzer (to use electrical energy to produce sound)3 connecting cords, banana plug, red3 connecting cords, banana plug, blackActivity guideRequires 2 AA batteries (not included)"
Art Supplies & Crafts,Art Supplies,NE20328,Encaustic Starter Kit,1,$ 109.95,https://www.nascoeducation.com/encaustic-starter-kit-ne20328.html,https://www.nascoeducation.com/media/catalog/product/cache/465f3046c8658da626e76b96d8ed42e5/0/8/089c22f1e97ce5c45011fb695c49e58e222d27d698b6fcd3cb408f4fbecc7b04.jpeg,"Gathering all the supplies for encaustic painting may seem complicated, but now you can introduce your students to this ancient form of wax painting with a kit that contains everything theyll need to get started. Students will learn how versatile this medium is as they experiment with wax temperatures, textures, layering, and fusing to create unique masterpieces. Includes the following: Cadmium yellow light (40 ml. cake) Cadmium green pale (40 ml. cake) Quinacridone red (40 ml. cake) Titanium white (40 ml. cake) Ultramarine blue (40 ml. cake) Cradled Ampersand Encausticbord™ Small packages of encaustic medium and soy wax 2 palette cups 2 brushes Color chart Basic encaustic manual Use with NE20329 Encaustic Hot Plate (sold separately)."
