Flinn_product_category,Flinn_product_sub_category,Flinn_product_id,Flinn_product_name,Flinn_product_quantity,Flinn_product_price,Flinn_product_url,Flinn_image_url,Flinn_product_desc,Nasco_product_category,Nasco_product_sub_category,Nasco_product_id,Nasco_product_name,Nasco_product_quantity,Nasco_product_price,Nasco_product_url,Nasco_image_url,Nasco_product_desc,Match_Score
Technology,Sensors,TC1511,Relative Humidity Sensor,1,$86.07,https://www.flinnsci.com/relative-humidity-sensor/tc1511/,https://www.flinnsci.com/globalassets/flinn-scientific/all-product-images-rgb-jpegs/tc1511.jpg?format=webp&height=880&upscale=false,"Environmental, greenhouse, and weather studies are a breeze with the relative humidity sensor. Range is 0 to 95%. Analog sensor.",,,,No good match found (Low match score),,,,,,0
Technology,Sensors,TC1524,Magnetic Field Sensor,1,$77.83,https://www.flinnsci.com/magnetic-field-sensor/tc1524/,https://www.flinnsci.com/globalassets/flinn-scientific/all-product-images-rgb-jpegs/tc1524.jpg?format=webp&height=880&upscale=false,"This sensor, which uses a Hall Effect transducer, is sensitive enough to measure the Earth's magnetic field. It can also be used to study the field around permanent magnets, coils, and electrical devices. Its two ranges are ±3.2 gauss (±3.2 x 10-4 tesla) and ±6.4 gauss (±64 x 10-3 tesla). BT Connector.",Elementary Education,Science,SB30028,Magnetic Field Demonstrator,1,$ 15.75,https://www.nascoeducation.com/magnetic-field-demonstrator-sb30028.html,https://www.nascoeducation.com/media/catalog/product/cache/465f3046c8658da626e76b96d8ed42e5/s/b/sb30028-main.jpg,"Grades 5-12. A quick and clean way to visualize magnetic fields. The unit is a transparent acrylic case that holds iron filings in a fluid of proper viscosity. Simply place an alnico or neodymium magnet (bar magnet, horseshoe magnet, etc.) on the device, and the iron filings will move to form a pattern that shows the magnetic field of that magnet. The unit can also be placed on an overhead projector for classroom demonstration. Dimensions: 8-1/2 in. x 4-1/2 in. x 3/8 in.",0.5
STEM Education,Physical Science STEM Education,AP9876,Arduino Complete Starter Kit,1,$92.00,https://www.flinnsci.com/adruino-complete-starter-kit/ap9876/,https://www.flinnsci.com/globalassets/flinn-scientific/all-product-images-rgb-jpegs/ap9876.jpg?format=webp&height=880&upscale=false,"Start your coding adventure with these Arduino starter kits from Elegoo. Each kit comes with either an Arduino Uno R3 or Arduino MEGA 2560, instruction manual, breadboard and a large selection of components packed in a convenient container. The capabilities of the kits can be further extended through the purchase of the 37-in-1 Sensor Module Kit (Catalog No. AP9873).",,,,No good match found (Low match score),,,,,,0
STEM Education,Physical Science STEM Education,AP9875,Arduino Super Starter Kit,1,$54.21,https://www.flinnsci.com/arduino-super-starter-kit/ap9875/,https://www.flinnsci.com/globalassets/flinn-scientific/all-product-images-rgb-jpegs/ap9875.jpg?format=webp&height=880&upscale=false,"Start your coding adventure with these Arduino starter kits from Elegoo. Each kit comes with either an Arduino Uno R3 or Arduino MEGA 2560, instruction manual, breadboard and a large selection of components packed in a convenient container. The capabilities of the kits can be further extended through the purchase of the 37-in-1 Sensor Module Kit (Catalog No. AP9873).",,,,No good match found (Low match score),,,,,,0
STEM Education,WhiteBox Learning,WPR-K1,WhiteBox Learning® Prosthetics Kit,1,$17.00,https://www.flinnsci.com/whitebox-learning-prosthetics-2.0-kit/wpr-k1/,https://www.flinnsci.com/globalassets/flinn-scientific/all-product-images-rgb-jpegs/wpr-k1.jpg?format=webp&height=880&upscale=false,"Give students a taste of working in biophysics, biotechnology and the biomedical field with the Prosthetics Kit. This great hands-on activity with medical prosthetic devices helps students learn important STEM concepts, including biophysics, rotational inertia, levers and bio-medicine. Enhance the experience with the WhiteBox Learning standards-based, cloud-based Prosthetics STEM Software Application (available separately). This software lets students “connect the virtual to the physical” by engineering, analyzing and simulating their designs virtually then printing templates to scale and building physical models. Metric ruler, drill or drill press, ¼"" drill bit, 3/16"" drill bit, masking tape, hobby saw and cutting board are required but not included.",,,,No good match found (Low match score),,,,,,0
STEM Education,WhiteBox Learning,WKW-K1,Advanced Wind Energy Kit,1,$203.29,https://www.flinnsci.com/advanced-wind-energy-kit/wkw-k1/,https://www.flinnsci.com/globalassets/flinn-scientific/all-product-images-rgb-jpegs/wkw-k1.jpg?format=webp&height=880&upscale=false,"Affordably and easily explore wind energy with the Advanced Wind Energy Kit. Students gain an understanding of wind power and discover advanced concepts of wind turbine technology as they test a variety of blade designs, generate electricity (0.5–20 V range), lift weights and pump water. All you need is a wind source, basic tools and imagination! Enhance the experience with the WhiteBox Learning standards-based, cloud-based KidWind 2.0 STEM Software Application (available separately). This software lets students “connect the virtual to the physical” by engineering, analyzing and simulating their designs virtually then printing templates to scale and building physical models. 24"" H, 36"" maximum blade diameter, 18"" base diameter. Maximum of 12 blades. Expected power output: 0–2 watts. Three different gear ratios. 5-year limited warranty (excludes consumables). Sold individually or as a classpack for 24 students. Multimeter required and available separately.",,,,No good match found (Low match score),,,,,,0
STEM Education,WhiteBox Learning,WDR-DK1,"Metric Dragster Kit, Balsa",1,$15.64,https://www.flinnsci.com/metric-dragster-kit-balsa/wdr-dk1/,https://www.flinnsci.com/globalassets/flinn-scientific/all-product-images-rgb-jpegs/wdr-dk1.jpg?format=webp&height=880&upscale=false,"Bring STEM and racing into the classroom as students build their own Metric Dragsters! Students learn important STEM concepts, including Newton’s laws, drag, friction, center of mass and acceleration. Each Dragster kit includes a body blank (with pre-drilled hole), 2 premium aluminum axles, 2 front wheels, 2 rear wheels, 2 screw eyes, straw, 4 brass washers and a CO2 cartridge with safety seal. Enhance the experience with the WhiteBox Learning standards-based, cloud-based Dragster 2.0 STEM Software Application (available separately). This software lets students “connect the virtual to the physical” by engineering, analyzing and simulating their designs virtually then printing templates to scale and building physical models. Kits sold individually or in packs of 25. Available with light balsa or basswood body blanks. Drill, coping saw, wood file or rasp, ruler, scissors, finish and a race system are required but not included. Carton is shown in product photo. Allows students to keep their materials organized and together, with space to label with student's name and class period.",,,,No good match found (Low match score),,,,,,0
STEM Education,WhiteBox Learning,AP9853,"Coping Saw, 13¼"" L",1,$15.64,https://www.flinnsci.com/coping-saw-13-14-l/ap9853/,https://www.flinnsci.com/globalassets/flinn-scientific/all-product-images-rgb-jpegs/ap9853.jpg?format=webp&height=880&upscale=false,"Coping saw with cushion-grip handle. Blade length: 6⅜"". Overall length: 13¼"". 15 teeth per inch of blade.",,,,No good match found (Low match score),,,,,,0
STEM Education,WhiteBox Learning,AP9858,Utility Hobby Knife,1,$9.17,https://www.flinnsci.com/utility-hobby-knife/ap9858/,https://www.flinnsci.com/globalassets/flinn-scientific/all-product-images-rgb-jpegs/ap9858.jpg?format=webp&height=880&upscale=false,Break-away high carbon steel utility knife. Features an automatic locking system that uses break-away blades.,,,,No good match found (Low match score),,,,,,0
STEM Education,WhiteBox Learning,AP1816,"Hole-Punch, Single",1,$8.70,https://www.flinnsci.com/hole-punch-single/ap1816/,https://www.flinnsci.com/globalassets/flinn-scientific/all-product-images-rgb-jpegs/ap1816.jpg?format=webp&height=880&upscale=false,The Single Hole-Punch tool offers an efficient way to create uniform holes in paper for everyday laboratory and classroom needs.,,,,No good match found (Low match score),,,,,,0
Career and Technical Education,Agricultural,AB1140,"Soil Sieves, Set of 6",1,$87.50,https://www.flinnsci.com/soil-sieves-set-of-6/ab1140/,https://www.flinnsci.com/globalassets/flinn-scientific/all-product-images-rgb-jpegs/ab1140.jpg?format=webp&height=880&upscale=false,"Used to separate and grade soil samples. Six interlocking metal sieves each have a different size brass wire mesh screen. Wire mesh sizes are 5, 10, 40, 60, 120 and 250 holes per cm. Each sieve is 6"" in diameter and 2"" tall. Complete with a solid bottom container and cover. Set of six.",,,,No good match found (Low match score),,,,,,0
